{
  "assembly": [
    "ImageViewerCommand.dll"
  ],
  "javascript": [
    "Resources/External/Bootstrap/bs4.min.js",
    "Resources/External/Viewer/viewer.min.js",
    "Resources/ImageViewerCommand.js"
  ],
  "css": [
    "Resources/External/Viewer/viewer.min.css",
    "Resources/Styles/ImageViewerCommand.min.css"
  ],
  "image": "Resources/PluginLogo.png",
  "description_cn": "预览图片命令",
  "description_ja": "画像をポップアップ表示するコマンドです。",
  "description": "JavaScript image viewer.",
  "name_cn": "预览图片",
  "name_ja": "画像のポップアップ表示",
  "description_kr": "이미지 미리보기 기능을 제공하는 자바스크립트로 제작된 플러그인입니다.",
  "name_kr": "이미지 미리보기",
  "name": "ImageViewerCommand",
  "pluginType": "command",
  "guid": "9611e1eb-1877-43fe-8d63-011a016449fa",
  "version": "10.0.0.0",
  "dependenceVersion": "10.0.0.0",
  "bundleJavaScript": true,
  "bundleCSS": true
}